id,vin,license_plate,customer_id,make,model,year,mileage_km,last_service_date,next_service_km,status,assigned_technician,service_notes,created_at,updated_at
36,2P4A6S8D0F2G4H6J8,SU-VH-33,36,Citroën,C3,2011,234007,2025-08-17,249575,in_service,D. Campos,ruido suspensión diagnóstico,2024-02-10 03:51:45,2024-03-14 20:13:21
37,4J6H8G0F2D4S6A8P0,HE-JT-74,37,Audi,A3,2019,75601,2025-10-11,90117,waiting,,revisión general,2024-01-24 21:42:12,2024-02-13 10:49:14
38,6P8A0S2D4F6G8H0J2,KM-YE-49,38,Kia,Seltos,2022,22670,2025-06-01,39077,delivered,,software actualización,2024-06-28 15:58:21,2024-07-12 14:20:08
39,8J0H2G4F6D8S0A2P4,CB-MR-95,39,Ford,Fiesta,2007,289284,2024-10-12,304274,waiting,,cambio aceite filtro,2025-01-14 14:33:07,2025-02-10 18:20:56
40,0P2A4S6D8F0G2H4J6,ND-HS-64,40,BMW,X5,2015,171706,2025-12-13,185915,ready,H. Araya,diagnóstico frenos discos,2024-08-12 00:38:35,2024-09-05 21:57:47
41,2J4H6G8F0D2S4A6P8,MR-XT-70,41,Mercedes,E200,2018,125006,2025-04-08,140940,waiting,,alineación balanceo,2025-08-23 14:20:29,2025-09-15 21:38:05
42,4P6A8S0D2F4G6H8J0,LA-PE-15,42,Renault,Megane,2010,264940,2024-06-27,279867,waiting,,revisión general,2024-12-09 21:26:14,2025-01-11 23:18:29
43,6J8H0G2F4D6S8A0P2,YA-RK-57,43,VW,Jetta,2019,67915,2025-08-23,82233,in_service,J. Silva,scanner diagnóstico,2025-10-06 06:38:10,2025-10-25 11:33:21
44,8P0A2S4D6F8G0H2J4,SP-JH-68,44,Hyundai,Elantra,2016,126575,2025-01-30,141071,ready,P. Fuentes,aceite filtro,2025-05-27 14:22:42,2025-06-20 02:51:14
45,0J2H4G6F8D0S2A4P6,KM-BC-82,45,Toyota,Camry,2014,162587,2025-03-17,176140,waiting,,rotación neumáticos,2023-10-20 19:17:10,2023-11-05 06:31:21
46,2P4A6S8D0F2G4H6J8,VT-NS-47,46,Opel,Corsa,2017,110436,2024-11-29,125589,delivered,,filtro,2023-09-19 03:18:11,2023-10-06 10:35:19
47,4J6H8G0F2D4S6A8P0,PE-GT-23,47,Audi,Q5,2021,37386,2025-09-06,54028,ready,B. Díaz,diagnóstico,2025-12-02 23:56:48,2025-12-18 07:40:39
48,6P8A0S2D4F6G8H0J2,SR-HE-11,48,Renault,Kwid,2015,176274,2024-02-26,190437,in_service,K. Rojas,aceite filtro,2023-04-24 18:03:15,2023-05-20 01:22:37
49,8J0H2G4F6D8S0A2P4,DS-YA-66,49,Honda,Civic,2018,116699,2024-09-08,131324,waiting,,frenos pastillas discos,2024-09-02 05:22:34,2024-09-30 12:14:17
50,0P2A4S6D8F0G2H4J6,TR-PA-78,50,Kia,Cerato,2014,151061,2024-02-06,164215,delivered,,alineación,2025-02-11 06:24:19,2025-03-10 23:12:41
51,2J4H6G8F0D2S4A6P8,HB-XR-19,51,Peugeot,Partner,2011,246672,2025-05-17,262304,waiting,,cambio aceite filtro,2023-10-08 00:22:10,2023-11-04 18:41:34
52,4P6A8S0D2F4G6H8J0,YA-LS-37,52,Mercedes,A200,2016,118190,2024-07-04,133744,ready,E. Reyes,scanner diagnóstico,2025-03-15 00:26:55,2025-04-04 07:43:01
53,6J8H0G2F4D6S8A0P2,XR-BC-48,53,Toyota,Corolla,2006,303645,2024-10-22,319833,in_service,M. Muñoz,ruido suspensión diagnóstico,2024-05-03 22:36:03,2024-06-03 02:27:16
54,8P0A2S4D6F8G0H2J4,HS-YK-34,54,BMW,320i,2013,195195,2025-07-01,210981,waiting,,aceite filtro,2023-09-06 00:05:08,2023-09-16 12:38:55
55,0J2H4G6F8D0S2A4P6,PF-BA-61,55,Hyundai,Accent,2019,69982,2025-05-08,84606,ready,H. Fuentes,neumáticos rotación,2023-12-16 18:19:29,2024-01-12 17:38:22
56,2P4A6S8D0F2G4H6J8,NT-YA-20,56,Renault,Captur,2020,72376,2025-02-06,87710,waiting,,cambio aceite filtro,2024-11-13 07:35:45,2024-12-17 21:50:12
57,4J6H8G0F2D4S6A8P0,AC-SP-69,57,Audi,A6,2015,167229,2025-06-18,181519,delivered,,limpieza,2024-10-02 07:27:53,2024-11-01 01:45:21
58,6P8A0S2D4F6G8H0J2,LS-YR-58,58,Kia,Rio,2012,201972,2025-06-23,216047,waiting,,aceite filtro,2024-04-08 09:28:30,2024-05-09 18:31:15
59,8J0H2G4F6D8S0A2P4,BC-TR-31,59,BMW,X1,2017,115942,2025-09-14,131807,in_service,A. Torres,diagnóstico scanner,2023-09-04 12:36:55,2023-10-07 01:38:10
60,0P2A4S6D8F0G2H4J6,YE-XR-85,60,Toyota,RAV4,2011,239501,2024-01-13,253001,waiting,,frenos pastillas,2024-10-20 06:45:03,2024-12-03 23:58:01
61,2J4H6G8F0D2S4A6P8,JR-AC-96,61,Opel,Grandland,2021,41814,2025-05-21,57301,ready,D. Rojas,scanner diagnóstico,2023-10-05 02:18:29,2023-10-21 12:38:41
62,4P6A8S0D2F4G6H8J0,YR-DS-14,62,Citroën,C4,2016,116040,2025-05-27,129836,in_service,G. Torres,ruido suspensión,2025-01-21 08:17:05,2025-02-20 17:53:06
63,6J8H0G2F4D6S8A0P2,XR-HE-41,63,BMW,iX1,2024,15831,2025-07-25,30406,ready,S. Silva,software actualización,2024-04-29 08:22:16,2024-06-10 19:27:36
64,8P0A2S4D6F8G0H2J4,BC-VT-88,64,Mercedes,GLC 300,2019,75952,2025-10-18,90452,in_service,J. Torres,diagnóstico,2024-12-11 21:11:50,2025-01-01 14:42:17
65,0J2H4G6F8D0S2A4P6,HE-KM-53,65,Renault,Duster,2013,196532,2024-06-30,211558,ready,E. Salazar,aceite filtro,2023-05-07 23:24:01,2023-06-02 12:37:22
66,2P4A6S8D0F2G4H6J8,TR-NS-72,66,Peugeot,3008,2020,82279,2025-08-19,97544,waiting,,revisión general,2025-05-14 15:01:27,2025-06-08 02:23:29
67,4J6H8G0F2D4S6A8P0,AC-LA-24,67,Honda,HR-V,2014,160638,2024-05-06,176353,delivered,,neumáticos,2024-09-16 02:41:21,2024-10-23 05:44:50
68,6P8A0S2D4F6G8H0J2,MR-JR-46,68,VW,Gol,2001,363545,2025-10-21,378068,waiting,,cambio aceite filtro,2024-10-22 05:20:51,2024-11-15 03:14:56
69,8J0H2G4F6D8S0A2P4,NS-TR-67,69,Hyundai,Santa Fe,2015,165010,2024-08-28,178251,ready,L. Rojas,scanner diagnóstico,2023-04-05 13:54:51,2023-04-21 20:39:05
70,0P2A4S6D8F0G2H4J6,DS-YE-29,70,MINI,Cooper S,2018,126098,2025-08-17,141584,delivered,,frenos,2023-05-13 15:40:25,2023-06-12 18:51:12
71,2J4H6G8F0D2S4A6P8,VT-BA-92,71,Toyota,Corolla,2012,201127,2024-01-07,215960,waiting,,cambio aceite,2025-01-22 14:50:31,2025-02-05 08:32:44
72,4P6A8S0D2F4G6H8J0,HE-YR-37,72,Ford,EcoSport,2017,128946,2025-05-29,144060,waiting,,revisión,2024-02-21 00:08:23,2024-03-06 02:01:19
73,6J8H0G2F4D6S8A0P2,AC-PF-83,73,Renault,Captur,2022,28441,2025-06-30,43068,in_service,H. Díaz,aceite filtro,2024-08-08 04:38:56,2024-09-06 07:10:18
74,8P0A2S4D6F8G0H2J4,BA-DS-49,74,Nissan,Sentra,2013,191360,2025-12-06,205679,ready,G. Fuentes,scanner diagnóstico,2024-07-01 21:49:25,2024-07-24 20:33:06
75,0J2H4G6F8D0S2A4P6,TR-HE-75,75,Audi,Q2,2019,71404,2024-06-19,86290,waiting,,neumáticos,2023-08-09 20:34:17,2023-09-17 14:03:51
76,2P4A6S8D0F2G4H6J8,LA-AC-63,76,Hyundai,Creta,2020,82861,2025-03-30,97356,delivered,,software actualización,2023-09-20 05:21:10,2023-10-22 06:25:04
77,4J6H8G0F2D4S6A8P0,YR-BA-90,77,BMW,M240i,2016,120547,2025-10-06,135275,ready,P. Campos,diagnóstico,2025-09-10 11:55:10,2025-09-27 05:00:40
78,6P8A0S2D4F6G8H0J2,PF-TR-45,78,Toyota,Camry,2014,160523,2024-06-26,173168,waiting,,aceite filtro,2025-04-06 19:03:58,2025-04-24 20:36:11
79,8J0H2G4F6D8S0A2P4,BA-YR-16,79,Renault,Duster,2009,258906,2024-02-05,272938,waiting,,revisión general,2023-09-18 06:31:56,2023-10-06 23:10:09
80,0P2A4S6D8F0G2H4J6,AC-HE-32,80,Mercedes,C200,2021,45828,2025-09-04,61068,delivered,,diagnóstico,2025-07-15 16:11:36,2025-08-09 18:27:48
81,2J4H6G8F0D2S4A6P8,TR-AC-51,12,VW,Tiguan,2015,168512,2024-05-29,183112,waiting,,frenos pastillas,2025-02-02 15:08:46,2025-03-02 08:12:22
82,4P6A8S0D2F4G6H8J0,BA-TR-68,20,Renault,Kwid,2019,72255,2024-06-05,87777,ready,A. Vera,diagnóstico,2025-03-03 04:51:40,2025-03-17 07:33:07
83,6J8H0G2F4D6S8A0P2,HE-BA-26,70,Peugeot,2008,2016,118180,2024-01-19,132084,in_service,S. Reyes,aceite filtro,2023-06-28 11:02:37,2023-07-06 01:48:29
84,8P0A2S4D6F8G0H2J4,YR-HE-84,40,Hyundai,Elantra,2017,129499,2025-09-17,145098,waiting,,revisión,2024-12-04 23:33:20,2024-12-23 17:22:39
85,0J2H4G6F8D0S2A4P6,AC-YR-57,2,Toya... (truncated for brevity)
