id,name,phone,email,preferred_contact,address,consent_marketing,notes,created_at,updated_at
1,Víctor Castillo,+56972682989,victor.castillo1@example.org,phone,"Av. Providencia 258, Puente Alto",false,,2023-06-20 01:50:41,2023-07-21 08:49:13
2,Antonia Araya,+56966623995,antonia.araya2@example.com,email,"Av. Providencia 1033, Providencia",false,,2025-05-05 05:36:53,2025-05-17 07:27:23
3,Elena Salazar Rojas,+56941726318,elena.salazar.rojas3@example.org,phone,"Av. Providencia 1202, Santiago Centro",false,,2023-09-14 02:07:00,2023-11-01 02:11:42
4,Carolina Contreras,+56971070189,carolina.contreras4@example.net,phone,"Calle Balmaceda 3813, Las Condes",true,baja de,2025-04-22 14:30:08,2025-04-30 01:55:12
5,Benjamín González,+56977491435,benjamin.gonzalez5@example.org,email,"Calle Lira 2053, Maipú",false,antes de llamar baja baja prioridad,2024-05-06 19:07:21,2024-06-09 02:33:33
6,Constanza Araya,+56936825165,constanza.araya6@example.com,phone,"Av. Italia 1928, Las Condes",false,,2024-07-27 07:30:18,2024-09-06 12:17:47
7,Renata Herrera,+56994592593,renata.herrera7@example.net,phone,"Calle Ñuble 3609, Puente Alto",false,,2023-03-20 10:23:12,2023-05-03 21:42:35
8,Emilia Campos,+56959209818,emilia.campos8@example.net,email,"Av. Norte Sur 2495, La Florida",false,,2023-10-06 00:20:27,2023-12-24 17:28:45
9,María Rojas,+56915828797,maria.rojas9@example.org,phone,"Calle Las Hortensias 2688, Maipú",false,,2024-02-25 09:57:32,2024-02-29 08:30:36
10,Ignacio Torres,+56961399650,ignacio.torres10@example.com,email,"Av. Apoquindo 196, San Miguel",true,,2024-10-18 08:03:50,2024-10-30 01:33:55
11,Valentina Díaz,+56919415645,valentina.diaz11@example.com,email,"Av. Ossa 3643, Providencia",false,,2025-06-16 20:44:02,2025-07-04 05:41:49
12,Matías Torres,+56920054187,matias.torres12@example.net,email,"Av. Providencia 2817, Providencia",false,cliente frecuente revisión sin apuro,2025-02-06 15:42:13,2025-02-25 03:49:51
13,Lucía Campos,+56985404422,lucia.campos13@example.net,email,"Av. Macul 1090, Santiago Centro",false,usa WhatsApp dejar vehículo en recepción,2024-01-07 15:57:06,2024-02-22 19:08:33
14,Paz Fuentes,+56972888193,paz.fuentes14@example.org,phone,"Calle Lira 2431, Ñuñoa",false,,2024-08-21 00:19:37,2024-09-08 01:26:32
15,Andrés Fuentes,+56972640050,andres.fuentes15@example.net,phone,"Av. Providencia 3884, Las Condes",false,prioridad alta revisión general,2023-01-06 16:05:19,2023-01-09 09:18:01
16,Paula Saavedra,+56965585384,paula.saavedra16@example.org,phone,"Calle Santa Rosa 1809, Maipú",false,,2025-03-09 16:30:18,2025-04-07 03:28:47
17,Nicolás Saavedra,+56937035860,nicolas.saavedra17@example.net,email,"Av. La Florida 812, Santiago Centro",false,,2023-03-30 02:33:14,2023-04-18 13:43:39
18,Matías Ramírez,+56938134509,matias.ramirez18@example.com,phone,"Av. Grecia 234, Puente Alto",false,,2025-02-08 07:01:46,2025-03-29 18:21:29
19,Emilia Araya,+56914838992,emilia.araya19@example.org,phone,"Calle Los Nogales 2429, Providencia",false,,2025-07-06 16:35:44,2025-07-23 21:44:26
20,Jorge Reyes,+56959031419,jorge.reyes20@example.com,phone,"Calle San Martín 1862, Santiago Centro",false,primer servicio pide cotización,2024-07-22 02:11:06,2024-08-16 08:09:22
21,Lucía Rojas,+56916844964,lucia.rojas21@example.org,email,"Calle Coquimbo 1768, Santiago Centro",false,,2024-07-26 05:20:50,2024-08-16 23:24:40
22,Matías Díaz,+56970472118,matias.diaz22@example.net,phone,"Av. Norte Sur 3651, Santiago Centro",false,,2024-06-24 21:28:41,2024-07-30 05:40:28
23,Daniela Saavedra,+56949746645,daniela.saavedra23@example.net,phone,"Av. Norte Sur 1202, La Florida",true,prefiere contacto tarde,2025-05-31 21:31:04,2025-06-11 03:41:36
24,Tomás Soto,+56914923956,tomas.soto24@example.org,email,"Calle Ñuble 1023, Puente Alto",false,,2024-10-03 03:06:14,2024-10-22 05:19:03
25,Sofía Morales,+56968114731,sofia.morales25@example.com,email,"Av. Vicuña Mackenna 3650, Puente Alto",false,ruido frenos revisión general,2023-06-16 04:44:46,2023-07-05 01:18:42
26,Javiera Fuentes,+56939461162,javiera.fuentes26@example.net,phone,"Calle Balmaceda 2859, Ñuñoa",false,,2024-09-11 14:01:50,2024-11-12 19:19:09
27,Paula Sepúlveda,+56986062322,paula.sepulveda27@example.net,phone,"Calle Las Hortensias 2718, Providencia",false,prioridad baja sin apuro,2023-06-06 10:03:50,2023-08-21 00:49:32
28,Ignacio Araya,+56974829649,ignacio.araya28@example.org,phone,"Calle Balmaceda 3184, La Florida",false,,2023-01-11 09:41:33,2023-01-21 16:37:35
29,Patricia Soto,+56962577961,patricia.soto29@example.org,email,"Av. Ossa 316, Puente Alto",false,,2024-04-06 00:25:34,2024-05-13 15:00:06
30,Matías Campos,+56942361426,matias.campos30@example.net,email,"Calle Coquimbo 3581, Santiago Centro",false,,2025-10-06 16:22:11,2025-10-29 00:58:35
31,Francisca Morales,+56988649745,francisca.morales31@example.com,phone,"Av. Macul 2866, San Miguel",false,cliente frecuente llamar antes de entregar,2024-05-07 09:55:28,2024-06-16 16:21:33
32,Felipe Silva,+56957605248,felipe.silva32@example.com,phone,"Calle Santa Rosa 1252, Providencia",false,,2024-03-03 11:25:11,2024-03-18 07:35:50
33,Camila Torres,+56996483110,camila.torres33@example.org,email,"Av. Grecia 2768, Las Condes",false,,2024-01-20 08:52:56,2024-01-26 19:35:23
34,María Campos,+56921340498,maria.campos34@example.net,email,"Av. Providencia 2180, Santiago Centro",true,preferie contacto mañana,2023-06-08 05:26:47,2023-07-03 13:40:31
35,Sebastián Sepúlveda,+56937861233,sebastian.sepulveda35@example.com,email,"Av. Providencia 2792, Macul",false,,2025-03-06 04:02:28,2025-03-25 18:32:07
36,Elena Flores,+56968780869,elena.flores36@example.org,email,"Calle Maipú 325, Providencia",false,ruido frenos cambio aceite,2024-01-24 12:07:03,2024-04-10 15:36:34
37,Tomás Riquelme,+56942175402,tomas.riquelme37@example.net,phone,"Av. Providencia 1960, Puente Alto",false,,2024-01-04 06:40:48,2024-01-30 21:10:03
38,Catalina Vargas,+56918244946,catalina.vargas38@example.org,phone,"Calle Las Hortensias 2717, La Florida",true,,2024-03-11 17:43:05,2024-05-17 09:56:19
39,Carolina Silva,+56936554201,carolina.silva39@example.com,email,"Calle Santa Rosa 1023, Santiago Centro",false,,2024-11-06 09:05:23,2024-12-21 03:33:17
40,Cristóbal Díaz,+56987493805,cristobal.diaz40@example.org,email,"Av. Grecia 3911, Maipú",false,,2024-07-13 00:03:43,2024-08-15 17:57:03
41,Simón Castillo,+56957957566,simon.castillo41@example.net,email,"Av. Providencia 2005, Providencia",false,pide cotización revisión general,2025-07-09 06:30:18,2025-07-30 18:26:20
42,Tomás Flores,+56954553788,tomas.flores42@example.com,email,"Calle San Martín 2859, Macul",false,cliente frecuente,2023-12-11 16:11:45,2024-02-01 16:05:44
43,Emilia Salazar,+56972991085,emilia.salazar43@example.net,email,"Calle Ñuble 3616, San Miguel",false,,2025-08-27 18:27:53,2025-08-29 07:43:52
44,Teresa Morales,+56912887996,teresa.morales44@example.org,phone,"Av. Providencia 1669, Santiago Centro",false,,2024-08-17 19:27:24,2024-09-19 06:37:16
45,María Araya,+56952120522,maria.araya45@example.org,email,"Calle Lira 962, San Miguel",false,,2023-05-18 19:16:06,2023-07-07 19:46:31
46,Álvaro Torres,+56998631256,alvaro.torres46@example.net,email,"Av. Vicuña Mackenna 1180, Puente Alto",false,,2023-04-17 08:29:02,2023-05-02 12:28:41
47,Isidora Soto,+56944676848,isidora.soto47@example.com,phone,"Av. Ossa 2129, Providencia",true,preferie contacto tarde,2025-10-27 13:04:44,2025-11-18 21:49:24
48,Diego Ramírez,+56920572738,diego.ramirez48@example.net,email,"Calle Coquimbo 3928, Santiago Centro",false,,2023-03-23 16:58:45,2023-06-03 02:44:45
49,Lucía Salazar,+56982629863,lucia.salazar49@example.com,phone,"Av. Apoquindo 209, Las Condes",false,ruido frenos prioridad alta,2024-07-10 04:59:57,2024-09-01 04:01:17
50,Matías Saavedra,+56972562069,matias.saavedra50@example.com,email,"Calle Los Nogales 2801, Ñuñoa",false,,2024-09-08 04:16:35,2024-10-30 08:06:46
51,Constanza Fuentes,+56985921461,constanza.fuentes51@example.org,email,"Calle Ñuble 1600, Santiago Centro",false,,2023-01-29 02:28:53,2023-02-20 21:55:11
52,Francisca Silva,+56927037568,francisca.silva52@example.org,email,"Calle Santa Rosa 209, Santiago Centro",false,cliente frecuente,2025-02-07 08:55:08,2025-02-14 22:04:05
53,Matías González,+56970896315,matias.gonzalez53@example.net,phone,"Av. Providencia 2768, Ñuñoa",false,,2023-09-09 07:29:32,2023-09-25 09:18:54
54,Carolina Araya,+56994251405,carolina.araya54@example.com,email,"Calle Balmaceda 3111, Las Condes",false,,2023-07-20 20:14:55,2023-08-10 21:04:06
55,José Salazar,+56952042878,jose.salazar55@example.org,phone,"Av. Grecia 1410, Providencia",false,,2023-06-25 12:56:35,2023-07-26 05:28:17
56,Emilia Araya Fuentes,+56959876447,emilia.araya.fuentes56@example.com,email,"Av. Apoquindo 3822, Las Condes",true,usa WhatsApp llamar antes de entregar,2024-07-22 07:01:26,2024-08-25 22:39:58
57,Tomás Araya,+56962175031,tomas.araya57@example.org,phone,"Calle Los Nogales 3151, Ñuñoa",false,,2024-04-21 18:48:12,2024-05-24 00:12:50
58,Andrés Silva,+56975677771,andres.silva58@example.net,email,"Av. La Florida 2230, La Florida",false,,2024-02-20 02:39:58,2024-03-16 20:07:18
59,Catalina Godoy,+56922690607,catalina.godoy59@example.net,phone,"Calle Lira 2433, Santiago Centro",false,,2023-06-07 07:01:29,2023-07-28 21:36:57
60,Cristóbal Herrera,+56999190723,cristobal.herrera60@example.org,phone,"Calle Las Hortensias 3579, Peñalolén",false,,2024-05-05 04:25:43,2024-05-30 07:20:06
61,Sofía González,+56998417320,sofia.gonzalez61@example.org,email,"Calle Santa Rosa 2221, Providencia",false,prioridad alta,2023-09-02 11:24:33,2023-09-19 08:54:41
62,Rodrigo Navarro,+56967055662,rodrigo.navarro62@example.net,phone,"Av. La Florida 115, La Florida",false,,2024-11-22 14:04:50,2024-12-16 15:31:13
63,Camila Mellado,+56994679979,camila.mellado63@example.com,email,"Av. Ossa 3682, Las Condes",false,,2023-12-04 06:07:39,2024-01-02 16:21:31
64,María Reyes,+56913400565,maria.reyes64@example.org,phone,"Av. Macul 3280, Ñuñoa",false,,2024-09-12 16:43:12,2024-09-23 01:24:29
65,Renata Soto,+56921911438,renata.soto65@example.org,phone,"Av. Italia 3695, Maipú",false,,2023-04-08 00:47:41,2023-06-01 10:02:24
66,Isidora Salazar,+56943111879,isidora.salazar66@example.net,email,"Calle Lira 2878, Santiago Centro",false,cliente frecuente,2025-04-30 15:36:57,2025-05-14 08:42:43
67,Paula Castillo,+56989932757,paula.castillo67@example.com,phone,"Calle Los Nogales 3581, Providencia",true,,2024-03-21 17:13:20,2024-06-02 21:44:51
68,Camila Díaz,+56997603748,camila.diaz68@example.net,email,"Calle Coquimbo 3231, Santiago Centro",false,ruido frenos,2024-05-13 16:58:50,2024-06-25 02:12:57
69,Ignacio Sepúlveda,+56937850144,ignacio.sepulveda69@example.net,phone,"Av. Grecia 1419, Puente Alto",false,,2023-03-09 12:26:44,2023-03-14 15:16:09
70,Simón Pérez,+56976621225,simon.perez70@example.com,phone,"Calle Las Hortensias 2718, Peñalolén",false,preferie contacto mañana,2023-02-08 17:51:31,2023-03-28 15:41:13
71,Isidora Rojas,+56978326162,isidora.rojas71@example.org,email,"Calle Los Nogales 3808, La Florida",false,,2024-08-29 03:09:12,2024-10-02 10:57:06
72,Camila Silva,+56994039545,camila.silva72@example.com,email,"Calle Lira 3807, Santiago Centro",false,,2024-01-26 20:43:42,2024-03-05 20:10:41
73,Ignacio Castillo,+56933907131,ignacio.castillo73@example.org,phone,"Calle San Martín 3659, Ñuñoa",false,prioridad baja sin apuro,2024-06-15 20:40:09,2024-07-14 05:55:47
74,Paula Salazar,+56924926943,paula.salazar74@example.net,phone,"Av. Providencia 2805, Providencia",false,,2024-06-30 09:43:46,2024-08-03 01:32:21
75,Álvaro Godoy,+56920044784,alvaro.godoy75@example.com,email,"Av. Grecia 196, La Florida",false,prefiere contacto tarde,2023-05-21 08:18:32,2023-06-21 11:25:44
76,Catalina Sepúlveda,+56961078405,catalina.sepulveda76@example.org,phone,"Calle Maipú 1653, Ñuñoa",false,,2023-08-26 14:03:05,2023-11-05 10:31:37
77,Cristóbal Rojas,+56912215156,cristobal.rojas77@example.net,phone,"Av. Providencia 319, Santiago Centro",false,,2025-09-08 06:43:39,2025-09-13 20:38:05
78,Patricia Araya,+56996634654,patricia.araya78@example.org,phone,"Calle Balmaceda 3964, Las Condes",false,,2025-02-09 00:01:40,2025-02-16 04:32:00
79,Matías Silva,+56932639576,matias.silva79@example.org,email,"Calle Coquimbo 3072, Santiago Centro",false,cliente frecuente,2023-05-01 19:44:38,2023-06-08 18:52:03
80,Lucía Herrera,+56922701620,lucia.herrera80@example.com,email,"Calle Santa Rosa 1568, Santiago Centro",true,prioridad alta,2025-04-10 00:40:03,2025-04-22 08:04:10
